model,repeat,fold,roc_auc,pr_auc,f1,balanced_accuracy,threshold
logreg_l2,0,0,1.0,1.0,0.9401709401709402,0.9435483870967742,0.9705477356910706
logreg_l2,0,1,1.0,1.0,0.9107142857142857,0.9180327868852459,0.9794188737869263
logreg_l2,0,2,1.0,1.0,0.9217391304347826,0.9274193548387097,0.9755521416664124
logreg_l2,0,3,0.9901639344262295,0.9992108282890331,0.8598130841121495,0.8770491803278688,0.9919300675392151
logreg_l2,0,4,0.8327868852459017,0.9722538435581081,0.9752066115702479,0.8836065573770492,0.9399218559265137
logreg_l2,1,0,1.0,1.0,0.9217391304347826,0.9274193548387097,0.9832577109336853
logreg_l2,1,1,0.8870967741935484,0.9906212179888885,0.9411764705882353,0.8266129032258065,0.9697147011756897
logreg_l2,1,2,1.0,1.0,0.9917355371900827,0.9918032786885246,0.9639602899551392
logreg_l2,1,3,1.0,1.0,0.8909090909090909,0.9016393442622951,0.9842923879623413
logreg_l2,1,4,0.9901639344262295,0.9992315573770492,0.8807339449541285,0.8934426229508197,0.9910095930099487
logreg_l2,2,0,1.0,1.0,0.8828828828828829,0.8951612903225806,0.9858865737915039
logreg_l2,2,1,0.8950819672131148,0.9896827921689253,0.9122807017543859,0.8262295081967213,0.9877798557281494
logreg_l2,2,2,1.0,1.0,0.9107142857142857,0.9180327868852459,0.9906648397445679
logreg_l2,2,3,1.0,1.0,0.9203539823008849,0.9262295081967213,0.9866785407066345
logreg_l2,2,4,1.0,1.0,0.9666666666666667,0.967741935483871,0.9716036319732666
logreg_l2,3,0,1.0,1.0,0.9391304347826087,0.9426229508196722,0.9825949668884277
logreg_l2,3,1,0.9934426229508196,0.9994795732500651,0.9107142857142857,0.9180327868852459,0.9813264608383179
logreg_l2,3,2,0.8346774193548387,0.9837201390847433,0.9322033898305084,0.8185483870967742,0.9829809665679932
logreg_l2,3,3,1.0,1.0,0.8598130841121495,0.8770491803278688,0.9865917563438416
logreg_l2,3,4,1.0,1.0,0.9401709401709402,0.9435483870967742,0.9728306531906128
logreg_l2,4,0,1.0,1.0,0.9752066115702479,0.9758064516129032,0.9281828999519348
logreg_l2,4,1,1.0,1.0,0.8155339805825242,0.8442622950819672,0.9935963153839111
logreg_l2,4,2,0.8225806451612903,0.9815176898275957,0.9230769230769231,0.810483870967742,0.9780844449996948
logreg_l2,4,3,0.9967213114754099,0.9997355896351137,0.9391304347826087,0.9426229508196722,0.9822102785110474
logreg_l2,4,4,1.0,1.0,0.9107142857142857,0.9180327868852459,0.9710782766342163
logreg_l1,0,0,1.0,1.0,0.9752066115702479,0.9758064516129032,0.7336280345916748
logreg_l1,0,1,1.0,1.0,0.9661016949152542,0.9672131147540983,0.7515219449996948
logreg_l1,0,2,0.9959677419354839,0.9997439836149513,0.9752066115702479,0.9758064516129032,0.6951442956924438
logreg_l1,0,3,0.9934426229508198,0.9994668446740818,0.9572649572649573,0.959016393442623,0.7465934753417969
logreg_l1,0,4,0.8229508196721312,0.9673026927053179,0.9752066115702479,0.8836065573770492,0.7023855447769165
logreg_l1,1,0,1.0,1.0,0.957983193277311,0.9596774193548387,0.7518901228904724
logreg_l1,1,1,0.7661290322580645,0.9605656037036704,0.9672131147540983,0.8508064516129032,0.6519435048103333
logreg_l1,1,2,1.0,1.0,0.9917355371900827,0.9918032786885246,0.687183141708374
logreg_l1,1,3,1.0,1.0,0.9203539823008849,0.9262295081967213,0.7443316578865051
logreg_l1,1,4,0.9901639344262295,0.9992315573770492,0.9572649572649573,0.959016393442623,0.6651015281677246
logreg_l1,2,0,1.0,1.0,0.957983193277311,0.9596774193548387,0.6575084328651428
logreg_l1,2,1,0.8163934426229508,0.9683600783032851,0.957983193277311,0.8672131147540985,0.7383252382278442
logreg_l1,2,2,1.0,1.0,0.9661016949152542,0.9672131147540983,0.7247722148895264
logreg_l1,2,3,1.0,1.0,0.9747899159663865,0.9754098360655737,0.7376962304115295
logreg_l1,2,4,1.0,1.0,0.9752066115702479,0.9758064516129032,0.7116929292678833
logreg_l1,3,0,1.0,1.0,0.9747899159663865,0.9754098360655737,0.7471545934677124
logreg_l1,3,1,1.0,1.0,0.9482758620689655,0.9508196721311475,0.6733094453811646
logreg_l1,3,2,0.782258064516129,0.970731054292508,0.9838709677419355,0.8669354838709677,0.7053410410881042
logreg_l1,3,3,1.0,1.0,0.9298245614035088,0.9344262295081966,0.7101255655288696
logreg_l1,3,4,1.0,1.0,0.957983193277311,0.9596774193548387,0.7308716773986816
logreg_l1,4,0,1.0,1.0,0.957983193277311,0.9596774193548387,0.687825620174408
logreg_l1,4,1,1.0,1.0,0.9917355371900827,0.9918032786885246,0.7118678092956543
logreg_l1,4,2,0.7782258064516129,0.967574052244377,0.9672131147540983,0.8508064516129032,0.5848283767700195
logreg_l1,4,3,0.9967213114754099,0.9997355896351137,0.9482758620689655,0.9508196721311475,0.7353555560112
logreg_l1,4,4,1.0,1.0,0.9661016949152542,0.9672131147540983,0.6937134265899658
logreg_elasticnet,0,0,1.0,1.0,0.9026548672566371,0.9112903225806452,0.7677398324012756
logreg_elasticnet,0,1,1.0,1.0,0.9009009009009009,0.9098360655737705,0.8079259395599365
logreg_elasticnet,0,2,0.9959677419354839,0.9997439836149513,0.9217391304347826,0.9274193548387097,0.7660729885101318
logreg_elasticnet,0,3,0.9934426229508198,0.9994668446740818,0.8380952380952381,0.860655737704918,0.7881085872650146
logreg_elasticnet,0,4,0.8262295081967214,0.9691241863300901,0.8727272727272727,0.7934426229508197,0.7829712629318237
logreg_elasticnet,1,0,1.0,1.0,0.9026548672566371,0.9112903225806452,0.7887859344482422
logreg_elasticnet,1,1,0.7782258064516129,0.967574052244377,0.9137931034482759,0.8024193548387097,0.7219101786613464
logreg_elasticnet,1,2,1.0,1.0,0.9298245614035088,0.9344262295081966,0.7529321908950806
logreg_elasticnet,1,3,1.0,1.0,0.8490566037735849,0.8688524590163935,0.7909843921661377
logreg_elasticnet,1,4,0.9901639344262295,0.9992315573770492,0.9203539823008849,0.9262295081967213,0.7350906729698181
logreg_elasticnet,2,0,1.0,1.0,0.8727272727272727,0.8870967741935484,0.7403870820999146
logreg_elasticnet,2,1,0.8131147540983606,0.9681196936879004,0.8623853211009175,0.7852459016393443,0.786099374294281
logreg_elasticnet,2,2,1.0,1.0,0.9107142857142857,0.9180327868852459,0.7525296211242676
logreg_elasticnet,2,3,1.0,1.0,0.8909090909090909,0.9016393442622951,0.7926866412162781
logreg_elasticnet,2,4,1.0,1.0,0.9401709401709402,0.9435483870967742,0.7816909551620483
logreg_elasticnet,3,0,1.0,1.0,0.9203539823008849,0.9262295081967213,0.7983440160751343
logreg_elasticnet,3,1,0.9967213114754099,0.9997355896351137,0.9203539823008849,0.9262295081967213,0.7497300505638123
logreg_elasticnet,3,2,0.782258064516129,0.970731054292508,0.8849557522123894,0.7782258064516129,0.7445623278617859
logreg_elasticnet,3,3,1.0,1.0,0.8909090909090909,0.9016393442622951,0.7704775333404541
logreg_elasticnet,3,4,1.0,1.0,0.8727272727272727,0.8870967741935484,0.7885866761207581
logreg_elasticnet,4,0,1.0,1.0,0.9026548672566371,0.9112903225806452,0.778251051902771
logreg_elasticnet,4,1,1.0,1.0,0.9203539823008849,0.9262295081967213,0.7650706768035889
logreg_elasticnet,4,2,0.7701612903225806,0.9632537757466811,0.8849557522123894,0.7782258064516129,0.7098559737205505
logreg_elasticnet,4,3,0.9967213114754099,0.9997355896351137,0.8909090909090909,0.9016393442622951,0.7736092805862427
logreg_elasticnet,4,4,1.0,1.0,0.9107142857142857,0.9180327868852459,0.758843719959259
random_forest,0,0,0.9879032258064516,0.9992555831265508,0.9836065573770492,0.9838709677419355,0.694
random_forest,0,1,1.0,1.0,0.9917355371900827,0.9918032786885246,0.684
random_forest,0,2,0.9435483870967742,0.996354881836325,0.959349593495935,0.7258064516129032,0.67
random_forest,0,3,0.9967213114754099,0.9997355896351137,0.9747899159663865,0.9754098360655737,0.666
random_forest,0,4,0.8180327868852459,0.9639521059474196,0.9836065573770492,0.8918032786885246,0.654
random_forest,1,0,1.0,1.0,0.991869918699187,0.9919354838709677,0.678
random_forest,1,1,0.7641129032258065,0.9611544382704715,0.9672131147540983,0.8508064516129032,0.654
random_forest,1,2,0.9901639344262295,0.9991936206303659,0.991869918699187,0.9,0.644
random_forest,1,3,0.9967213114754099,0.9997355896351137,0.9833333333333333,0.9836065573770492,0.638
random_forest,1,4,0.9639344262295082,0.9971047266252995,0.975609756097561,0.7918032786885245,0.628
random_forest,2,0,0.9919354838709677,0.9994959677419355,0.991869918699187,0.9919354838709677,0.626
random_forest,2,1,0.8016393442622951,0.9540408715045483,0.9672131147540983,0.7836065573770492,0.682
random_forest,2,2,0.9967213114754099,0.9997355896351138,0.9747899159663865,0.9754098360655737,0.674
random_forest,2,3,0.9475409836065574,0.9955114419525457,0.9672131147540983,0.7836065573770492,0.654
random_forest,2,4,0.9959677419354839,0.9997439836149513,0.9838709677419355,0.8669354838709677,0.664
random_forest,3,0,1.0,1.0,0.9833333333333333,0.9836065573770492,0.672
random_forest,3,1,0.9655737704918033,0.9968858043176514,0.9752066115702479,0.8836065573770492,0.642
random_forest,3,2,0.7399193548387097,0.9446970062253534,0.9672131147540983,0.8508064516129032,0.648
random_forest,3,3,0.9803278688524589,0.9984117334125904,0.9836065573770492,0.8918032786885246,0.658
random_forest,3,4,1.0,1.0,0.9752066115702479,0.9758064516129032,0.68
random_forest,4,0,1.0,0.9999999999999999,1.0,1.0,0.656
random_forest,4,1,1.0,1.0,1.0,1.0,0.658
random_forest,4,2,0.7701612903225806,0.9683363011015513,0.975609756097561,0.8588709677419355,0.652
random_forest,4,3,0.9901639344262295,0.9991936206303659,0.9666666666666667,0.8754098360655738,0.672
random_forest,4,4,0.9245901639344262,0.9929368441040674,0.957983193277311,0.8672131147540985,0.658
xgboost,0,0,0.9919354838709677,0.9994959677419355,0.991869918699187,0.9919354838709677,0.5825807452201843
xgboost,0,1,1.0,1.0,0.9917355371900827,0.9918032786885246,0.5990952849388123
xgboost,0,2,1.0,1.0,0.9841269841269841,0.75,0.3807176947593689
xgboost,0,3,1.0,1.0,0.9661016949152542,0.9672131147540983,0.6122270822525024
xgboost,0,4,0.9278688524590164,0.9928877073951414,0.9836065573770492,0.8918032786885246,0.42752552032470703
xgboost,1,0,1.0,1.0,1.0,1.0,0.5372669100761414
xgboost,1,1,0.7983870967741935,0.9767575662243271,0.9841269841269841,0.75,0.3380778729915619
xgboost,1,2,0.9934426229508198,0.9994668446740818,0.9836065573770492,0.8918032786885246,0.508212685585022
xgboost,1,3,1.0,1.0,1.0,1.0,0.4355882406234741
xgboost,1,4,0.9836065573770493,0.9986331201081902,0.991869918699187,0.9,0.5050137639045715
xgboost,2,0,0.9758064516129032,0.9983991501730094,0.975609756097561,0.8588709677419355,0.5900319218635559
xgboost,2,1,0.9245901639344263,0.9924778713295676,0.9838709677419355,0.8,0.5073280930519104
xgboost,2,2,1.0,1.0,0.9833333333333333,0.9836065573770492,0.5685838460922241
xgboost,2,3,0.9836065573770493,0.9987224278006326,0.975609756097561,0.7918032786885245,0.36773696541786194
xgboost,2,4,1.0,1.0,0.9836065573770492,0.9838709677419355,0.5763542056083679
xgboost,3,0,1.0,1.0,0.9917355371900827,0.9918032786885246,0.5986869931221008
xgboost,3,1,0.9836065573770493,0.9986331201081902,0.991869918699187,0.9,0.42837727069854736
xgboost,3,2,0.8971774193548387,0.9919906214471368,0.9841269841269841,0.75,0.31871911883354187
xgboost,3,3,0.9934426229508198,0.9994668446740818,0.9836065573770492,0.8918032786885246,0.5837132930755615
xgboost,3,4,1.0,1.0,1.0,1.0,0.5974472761154175
xgboost,4,0,1.0,1.0,0.991869918699187,0.9919354838709677,0.6349753141403198
xgboost,4,1,1.0,1.0,1.0,1.0,0.5771071314811707
xgboost,4,2,0.7681451612903225,0.9589722933224097,0.9841269841269841,0.75,0.3443838357925415
xgboost,4,3,1.0,1.0,0.9917355371900827,0.9918032786885246,0.5658564567565918
xgboost,4,4,0.9737704918032788,0.9977547132116642,0.9836065573770492,0.8918032786885246,0.39644867181777954
